<?xml version="1.0" encoding="UTF-8"?>
<manifest identifier="com.boardsync.media.scorm.001" version="1.0"
          xmlns="http://www.imsproject.org/xsd/imscp_rootv1p1p2"
          xmlns:adlcp="http://www.adlnet.org/xsd/adlcp_rootv1p2"
          xmlns:xsi="http://www.w3.org/2001/XMLSchema-instance"
          xsi:schemaLocation="http://www.imsproject.org/xsd/imscp_rootv1p1p2 imscp_rootv1p1p2.xsd
                              http://www.adlnet.org/xsd/adlcp_rootv1p2 adlcp_rootv1p2.xsd">

    <metadata>
        <schema>ADL SCORM</schema>
        <schemaversion>1.2</schemaversion>
    </metadata>

    <organizations default="ORG-001">
        <organization identifier="ORG-001">
            <title>Media Service Selector</title>
            <item identifier="ITEM-001" identifierref="RES-001" isvisible="true">
                <title>Spotify and YouTube Player</title>
            </item>
        </organization>
    </organizations>

    <resources>
        <resource identifier="RES-001" type="webcontent" adlcp:scormtype="sco" href="index.html">
            <file href="index.html"/>
            <file href="spotify.html"/>
            <file href="youtube.html"/>
            <file href="css/styles.css"/>
            <file href="css/animations.css"/>
            <file href="js/main.js"/>
            <file href="js/scorm-api.js"/>
        </resource>
    </resources>

</manifest>
